ma_hang,vi_tri
MAU-001VGVP8,B1-T1
MAU-003VP8,B1-T1
MAU-004VP8,B1-T1
MAU-005VP8,B1-T2
MAU-006VP8,B1-T2
MAU-009VGVP8,B1-T3
MAU-011VGVP8,B1-T3
MAU-012MK,B1-T3
MAU-013VP8,B1-T4
MAU-015VP8,B1-T4
MAU-016VP8,B1-T4
MAU-017VP8,B1-T5
MAU-018VP8,B1-T5
MAU-024VP8,B1-T5
MAU-025VP8,B1-T6
MAU-025SF,B1-T6
MAU-027VP8,B2-T6
MAU-028VP8,B2-T6
MAU-030VP8,B2-T6
MAU-031VP8,B2-T5
MAU-032VP8,B2-T5
MAU-041VP8,B2-T5
MAU-101VP8,B2-T4
MAU-103HĐ,B2-T3
MAU-104VP8,B2-T2
MAU-106VP8,B3-T1
MAU-200SF,B3-T2
MAU-201VP8,B3-T2
MAU-202SF,B3-T3
MAU-202HD,B3-T3
MAU-202VP8,B3-T4
MAU-203VP8,B3-T4
MAU-205HD,B3-T5
MAU-205VP8,B3-T5
MAU-206VGVP8,B3-T6
MAU-212VP8,B3-T6
MAU-213VP8,B4-T6
MAU-214VP8,B4-T6
MAU-215VP8,B4-T6
MAU-216VP8,B4-T5
MAU-217VP8,B4-T5
MAU-218VP8,B4-T5
MAU-218-3LO,B4-T4
MAU-220VP8,B4-T4
MAU-222VP8,B4-T3
MAU-230HĐ,B4-T3
MAU-257VP8,B4-T2
MAU-303VP8,B4-T2
MAU-313VP8,B4-T1
MAU-323VP8,B4-T1
MAU-324,B4-T1
MAU-324VP8,C1-T1
MAU-325VP8,C1-T1
MAU-328,C1-T1
MAU-328HĐ,C1-T2
MAU-329VP8,C1-T2
MAU-330VP8,C1-T3
MAU-331VP8,C1-T4
MAU-332VP8,C1-T4
MAU-333VP8,C1-T5
MAU-334VP8,C1-T6
MAU-335VP8,C1-T6
MAU-336VP8,C1-T6
MAU-337HĐ,C2-T6
MAU-338VP8,C2-T6
MAU-340VP8,C2-T6
MAU-347HĐ,C2-T5
MAU-359VP8,C2-T5
MAU-379VP8,C2-T4
MAU-383VP8,C2-T4
MAU-384VP8,C2-T3
MAU-386HD,C2-T3
MAU-388Z,C2-T2
MAU-389VP8,C2-T1
MAU-390VP8,C2-T1
MAU-402MK,C3-T1
MAU-403VP8,C3-T1
MAU-404VP8,C3-T2
MAU-405VP8,C3-T2
MAU-406VP8,C3-T3
MAU-407VP8,C3-T3
MAU-408VP8,C3-T4
MAU-409VP8,C3-T4
MAU-410VP8,C3-T5
MAU-410HĐ,C3-T5
MAU-411VP8,C3-T6
MAU-412VP8,C3-T6
MAU-413VP8,C4-T6
MAU-414VP8,C4-T6
MAU-415VP8,C4-T5
MAU-416VP8,C4-T5
MAU-417VP8,C4-T4
MAU-419VP8,C4-T4
MAU-419LO,C4-T4
MAU-420VP8,C4-T3
MAU-421VP8,C4-T3
MAU-422VP8,C4-T3
MAU-423VP8,C4-T2
MAU-424VP8,C4-T2
MAU-425VP8,C4-T2
MAU-426VP8,C4-T1
MAU-427VP8,C4-T1
MAU-428VP8,D4-T4
MAU-429LO,D4-T4
MAU-430VP8,D4-T4
MAU-431VP8,D4-T5
MAU-432,D4-T5
MAU-433VP8,D4-T4
MAU-434VP8,D4-T4
MAU-435VP8,D4-T3
MAU-436VP8,D4-T3
MAU-437VP8,D4-T2
MAU-439LO,D4-T2
MAU-440VP8,D4-T1
MAU-441VP8,D4-T1
MAU-442VP8,D4-T1
MAU-443VP8,D3-T1
MAU-444HĐ,D3-T1
MAU-445HĐ,D3-T1
MAU-446,D3-T2
MAU-447LO,D3-T2
MAU-448VP8,D3-T2
MAU-449VP8,D3-T3
MAU-450LO,D3-T3
MAU-452LO,D3-T3
MAU-453LO,D3-T4
MAU-455VP8,D3-T4
MAU-458LO,D3-T5
MAU-459LO,D3-T5
MAU-460VP8,D3-T5
MAU-461VP8,D3-T6
MAU-463VP8,D3-T6
MAU-464,D2-T6
MAU-465VP8,D2-T6
MAU-466LO,D2-T6
MAU-467VP8,D2-T5
MAU-468VP8,D2-T5
MAU-469VP8,D2-T5
MAU-470LO,D2-T4
MAU-471VP8,D2-T4
MAU-473HĐ,D2-T3
MAU-474LO,D2-T3
MAU-477VP8,D2-T3
MAU-481VP8,D2-T2
MAU-483VP8,D2-T2
MAU-501VP8,D2-T2
MAU-501LO,D2-T1
MAU-502VP8,D2-T1
MAU-503SF,D1-T6
MAU-503VP8,D1-T6
MAU-507VP8,D1-T6
MAU-508LO,D1-T5
MAU-512VP8,D1-T5
MAU-517VP8,D1-T5
MAU-518LO,D1-T4
MAU-520VP8,D1-T4
MAU-607VP8,D1-T4
MAU-608VP8,D1-T3
MAU-609VP8,D1-T3
MAU-610VP8,D1-T2
MAU-611VP8,D1-T2
MAU-612VP8,D1-T1
MAU-613VP8,E1-T1
MAU-614VP8,E1-T2
MAU-620,E1-T2
MAU-620Z,E1-T3
MAU-622VP8,E1-T3
MAU-624LO,E1-T4
MAU-627VP8,E1-T4
MAU-631VP8,E1-T4
MAU-640LO,E1-T5
MAU-642VP8,E1-T5
MAU-643VP8,E1-T5
MAU-644VP8,E1-T6
MAU-690HĐ,E1-T6
MAU-717VP8,E1-T6
MAU-763VP8,E1-T6
MAU-770VP8,E3-T6
MAU-771VP8,E3-T6
MAU-791VP8,E3-T6
MAU-794VP8,E3-T6
MAU-810,E3-T5
MAU-901VP8,E3-T5
MAU-911VP8,E3-T4
MAU-951-2LO,E3-T5
MAU-996VP8,E3-T3
MAU-998VP8,E3-T3
MAU-999VP8,E3-T2
MAU-0255,E3-T2
MAU-0310VP8,E3-T2
MAU-0411VP8,E3-T1
MAU-1078-2LO,E3-T1
MAU-1111VP8,E3-T1
MAU-1113VP8,E2-T1
MAU-1118VP8,E2-T1
MAU-1135VP8,E2-T1
MAU-1138VP8,E2-T2
MAU-1157VP8,E2-T2
MAU-1201VP8,E2-T2
MAU-1202VP8,E2-T3
MAU-1203VP8,E2-T3
MAU-1631A,E2-T3
MAU-1733VP8,E2-T3
MAU-1823VP8,E2-T4
MAU-1831VP8,E2-T4
MAU-1982VP8,E2-T4
MAU-1999VP8,E2-T5
MAU-2006VP8,E2-T5
MAU-2203-1HĐ,E2-T5
MAU-2340VP8,E2-T6
MAU-2404VP8,E2-T6
MAU-2843VP8,E2-T6
MAU-2862HĐ,E4-T6
MAU-2862-8HĐ,E4-T6
MAU-2997VP8,E4-T6
MAU-3060VP8,E4-T5
MAU-3079VP8,E4-T5
MAU-3086VP8,E4-T5
MAU-3096,E4-T4
MAU-3142VP8,E4-T4
MAU-3163VP8,E4-T4
MAU-3209VP8,E4-T3
MAU-3239VP8,E4-T3
MAU-3331K-3HĐ,E4-T2
MAU-3332K-2HĐ,E4-T2
MAU-3334K-4HĐ,E4-T2
MAU-3334K-3HĐ,E4-T1
MAU-3339K-1HĐ,E4-T1
MAU-3339K-3HĐ,E4-T1
MAU-4002VP8,F1-T1
MAU-4012VP8,F1-T1
MAU-4028VP8,F1-T1
MAU-4030VP8,F1-T2
MAU-4038VP8,F1-T2
MAU-4041-1LO,F1-T3
MAU-5001VP8,F1-T3
MAU-5003VP8,F1-T3
MAU-5004HĐ,F1-T4
MAU-5006VP8,F1-T4
MAU-5007VP8,F1-T4
MAU-5008VP8,F1-T5
MAU-6001,F1-T5
MAU-6003VP8,F1-T5
MAU-6006VP8,F1-T6
MAU-6008VP8,F1-T6
MAU-6009VP8,F1-T6
MAU-6041VP8,F2-T6
MAU-6088HĐ,F2-T6
MAU-6089,F2-T6
MAU-6089VP8,F2-T5
MAU-6161VP8,F2-T5
MAU-6242VP8,F2-T4
MAU-S6665-1VP8,F2-T4
MAU-7047VP8,F2-T4
MAU-7064VP8,F2-T3
MAU-7082VP8,F2-T3
MAU-7090VP8,F2-T3
MAU-7092VP8,F2-T2
MAU-7097VP8,F2-T2
MAU-7130VP8,F2-T2
MAU-7204-3MK,F2-T1
MAU-7204-1VP8,F2-T1
MAU-7204-3VP8,F2-T1
MAU-7252,F3-T1
MAU-7258-4LO,F3-T1
MAU-7328HD,F3-T1
MAU-7331-1LO,F3-T2
MAU-7345-1VP8,F3-T2
MAU-7378-9LO,F3-T2
MAU-7385-1LO,F3-T3
MAU-7539-8VP8,F3-T3
MAU-8046VP8,F3-T3
MAU-9020,F3-T4
MAU-9020VP8,F3-T4
MAU-9051-3LO,F3-T4
MAU-9073VP8,F3-T5
MAU-9223VP8,F3-T5
MAU-9307-3,F3-T5
